[
  {
    "obfName": "bao",
    "id": "-1595926131",
    "fieldMappings": [
      {
        "obfName": "h",
        "desc": "Lbjk;",
        "id": "a"
      },
      {
        "obfName": "Q",
        "desc": "Lbbr;",
        "id": "b"
      },
      {
        "obfName": "c",
        "desc": "Lbje;",
        "id": "c"
      },
      {
        "obfName": "f",
        "desc": "Lbjf;",
        "id": "d"
      },
      {
        "obfName": "u",
        "desc": "Lbbj;",
        "id": "e"
      },
      {
        "obfName": "l",
        "desc": "Lbbu;",
        "id": "f"
      },
      {
        "obfName": "n",
        "desc": "Lbdw;",
        "id": "g"
      }
    ],
    "methodMappings": [
      {
        "obfName": "a",
        "desc": "(Lbdw;)V",
        "id": "a"
      },
      {
        "obfName": "B",
        "desc": "()Lbao;",
        "id": "sa"
      },
      {
        "obfName": "aa",
        "desc": "()V",
        "id": "sb",
        "inj": [
          {
            "id": "-81501631",
            "pos": 0,
            "locals": []
          }
        ]
      }
    ]
  },
  {
    "obfName": "blk",
    "id": "618525217",
    "fieldMappings": [],
    "methodMappings": []
  },
  {
    "obfName": "bjk",
    "id": "-515790830",
    "fieldMappings": [],
    "methodMappings": [
      {
        "obfName": "a",
        "desc": "()V",
        "id": "a",
        "inj": [
          {
            "id": "-340888200",
            "pos": 0,
            "locals": [
              0
            ]
          }
        ]
      },
      {
        "obfName": "a",
        "desc": "(Ljava/lang/String;)V",
        "id": "b",
        "inj": []
      }
    ]
  },
  {
    "obfName": "bbr",
    "id": "80811813",
    "fieldMappings": [
      {
        "obfName": "d",
        "desc": "F",
        "id": "a"
      },
      {
        "obfName": "e",
        "desc": "F",
        "id": "b"
      },
      {
        "obfName": "a",
        "desc": "F",
        "id": "c"
      }
    ],
    "methodMappings": []
  },
  {
    "obfName": "bje",
    "id": "1658017760",
    "fieldMappings": [
      {
        "obfName": "g",
        "desc": "F",
        "id": "a"
      },
      {
        "obfName": "i",
        "desc": "I",
        "id": "b"
      }
    ],
    "methodMappings": [
      {
        "obfName": "a",
        "desc": "(Lyz;Lsa;)V",
        "id": "a",
        "inj": [
          {
            "id": "536629487",
            "pos": 0,
            "locals": [
              1,
              2
            ]
          }
        ]
      }
    ]
  },
  {
    "obfName": "bjb",
    "id": "2017127180",
    "fieldMappings": [
      {
        "obfName": "e",
        "desc": "Lej;",
        "id": "a"
      }
    ],
    "methodMappings": []
  },
  {
    "obfName": "ej",
    "id": "-1870403137",
    "fieldMappings": [
      {
        "obfName": "n",
        "desc": "Ljava/net/SocketAddress;",
        "id": "a"
      }
    ],
    "methodMappings": []
  },
  {
    "obfName": "bjf",
    "id": "-2123354659",
    "fieldMappings": [],
    "methodMappings": []
  },
  {
    "obfName": "sa",
    "id": "2080559107",
    "fieldMappings": [
      {
        "obfName": "R",
        "desc": "F",
        "id": "a"
      },
      {
        "obfName": "v",
        "desc": "D",
        "id": "b"
      },
      {
        "obfName": "w",
        "desc": "D",
        "id": "c"
      },
      {
        "obfName": "x",
        "desc": "D",
        "id": "d"
      },
      {
        "obfName": "s",
        "desc": "D",
        "id": "e"
      },
      {
        "obfName": "t",
        "desc": "D",
        "id": "f"
      },
      {
        "obfName": "u",
        "desc": "D",
        "id": "g"
      },
      {
        "obfName": "D",
        "desc": "Z",
        "id": "h"
      },
      {
        "obfName": "y",
        "desc": "F",
        "id": "i"
      },
      {
        "obfName": "z",
        "desc": "F",
        "id": "j"
      },
      {
        "obfName": "aa",
        "desc": "I",
        "id": "k"
      },
      {
        "obfName": "ac",
        "desc": "Z",
        "id": "l"
      },
      {
        "obfName": "W",
        "desc": "F",
        "id": "m"
      },
      {
        "obfName": "X",
        "desc": "Z",
        "id": "n"
      },
      {
        "obfName": "I",
        "desc": "Z",
        "id": "o"
      },
      {
        "obfName": "K",
        "desc": "Z",
        "id": "p"
      },
      {
        "obfName": "p",
        "desc": "D",
        "id": "q"
      },
      {
        "obfName": "q",
        "desc": "D",
        "id": "r"
      },
      {
        "obfName": "r",
        "desc": "D",
        "id": "s"
      },
      {
        "obfName": "E",
        "desc": "Z",
        "id": "t"
      },
      {
        "obfName": "F",
        "desc": "Z",
        "id": "u"
      },
      {
        "obfName": "G",
        "desc": "Z",
        "id": "v"
      },
      {
        "obfName": "ad",
        "desc": "I",
        "id": "w"
      }
    ],
    "methodMappings": []
  },
  {
    "obfName": "bbu",
    "id": "-1230420398",
    "fieldMappings": [],
    "methodMappings": [
      {
        "obfName": "b",
        "desc": "(Ljava/lang/String;III)I",
        "id": "a",
        "inj": []
      },
      {
        "obfName": "a",
        "desc": "(Ljava/lang/String;III)I",
        "id": "b",
        "inj": []
      }
    ]
  },
  {
    "obfName": "bbw",
    "id": "71963",
    "fieldMappings": [],
    "methodMappings": [
      {
        "obfName": "a",
        "desc": "(IIIII)V",
        "id": "sa",
        "inj": []
      },
      {
        "obfName": "a",
        "desc": "(IIII)V",
        "id": "a",
        "inj": []
      },
      {
        "obfName": "b",
        "desc": "(IIII)V",
        "id": "b",
        "inj": []
      },
      {
        "obfName": "a",
        "desc": "(IIIIII)V",
        "id": "c",
        "inj": []
      },
      {
        "obfName": "a",
        "desc": "(Lbbu;Ljava/lang/String;III)V",
        "id": "d",
        "inj": []
      },
      {
        "obfName": "b",
        "desc": "(Lbbu;Ljava/lang/String;III)V",
        "id": "e",
        "inj": []
      },
      {
        "obfName": "b",
        "desc": "(IIIIII)V",
        "id": "f",
        "inj": []
      }
    ]
  },
  {
    "obfName": "bdw",
    "id": "-560118425",
    "fieldMappings": [
      {
        "obfName": "l",
        "desc": "I",
        "id": "a"
      },
      {
        "obfName": "m",
        "desc": "I",
        "id": "b"
      },
      {
        "obfName": "q",
        "desc": "Lbbu;",
        "id": "c"
      }
    ],
    "methodMappings": []
  },
  {
    "obfName": "bbv",
    "id": "-836582510",
    "fieldMappings": [],
    "methodMappings": [
      {
        "obfName": "a",
        "desc": "(FZII)V",
        "id": "a",
        "inj": [
          {
            "id": "-818205047",
            "pos": 0,
            "locals": [
              0
            ]
          }
        ]
      }
    ]
  },
  {
    "obfName": "bbj",
    "id": "1754181205",
    "fieldMappings": [
      {
        "obfName": "U",
        "desc": "Lbal;",
        "id": "a"
      },
      {
        "obfName": "V",
        "desc": "Lbal;",
        "id": "b"
      },
      {
        "obfName": "W",
        "desc": "Lbal;",
        "id": "c"
      },
      {
        "obfName": "X",
        "desc": "Lbal;",
        "id": "d"
      },
      {
        "obfName": "Y",
        "desc": "Lbal;",
        "id": "e"
      },
      {
        "obfName": "Z",
        "desc": "Lbal;",
        "id": "f"
      },
      {
        "obfName": "ad",
        "desc": "Lbal;",
        "id": "g"
      },
      {
        "obfName": "af",
        "desc": "Lbal;",
        "id": "h"
      },
      {
        "obfName": "aG",
        "desc": "F",
        "id": "i"
      },
      {
        "obfName": "d",
        "desc": "Z",
        "id": "j"
      }
    ],
    "methodMappings": []
  },
  {
    "obfName": "bal",
    "id": "-2034799802",
    "fieldMappings": [
      {
        "obfName": "d",
        "desc": "Ljava/lang/String;",
        "id": "a"
      },
      {
        "obfName": "f",
        "desc": "Ljava/lang/String;",
        "id": "b"
      },
      {
        "obfName": "e",
        "desc": "I",
        "id": "c"
      },
      {
        "obfName": "g",
        "desc": "I",
        "id": "d"
      },
      {
        "obfName": "h",
        "desc": "Z",
        "id": "e"
      },
      {
        "obfName": "i",
        "desc": "I",
        "id": "f"
      }
    ],
    "methodMappings": []
  },
  {
    "obfName": "aji",
    "id": "64279661",
    "fieldMappings": [
      {
        "obfName": "b",
        "desc": "Ljava/lang/String;",
        "id": "a"
      }
    ],
    "methodMappings": [
      {
        "obfName": "b",
        "desc": "(Laji;)I",
        "id": "a"
      },
      {
        "obfName": "e",
        "desc": "(I)Laji;",
        "id": "b"
      }
    ]
  },
  {
    "obfName": "ahb",
    "id": "83766130",
    "fieldMappings": [
      {
        "obfName": "e",
        "desc": "Ljava/util/List;",
        "id": "a"
      },
      {
        "obfName": "g",
        "desc": "Ljava/util/List;",
        "id": "b"
      },
      {
        "obfName": "h",
        "desc": "Ljava/util/List;",
        "id": "c"
      }
    ],
    "methodMappings": []
  },
  {
    "obfName": "sv",
    "id": "486868349",
    "fieldMappings": [
      {
        "obfName": "bd",
        "desc": "F",
        "id": "a"
      },
      {
        "obfName": "be",
        "desc": "F",
        "id": "b"
      }
    ],
    "methodMappings": []
  }
]